INSERT INTO BUDGET (dateMoisAnnee, budgetTotal) VALUES
('2025-01-01', 15000.00),
('2025-02-01', 25000.00),
('2025-03-01', 20000.00),
('2025-04-01', 16500.00),
('2025-05-01', 19000.00),
('2025-06-01', 22000.00),
('2025-07-01', 17500.00),
('2025-08-01', 21000.00),
('2025-09-01', 18500.00),
('2025-10-01', 19500.00),
('2025-11-01', 16000.00),
('2025-12-01', 20500.00);

INSERT INTO HABILITATION (idHabilitation, nomHabilitation) VALUES
(1, 'Habilitation éléctrique'),
(2, 'Habilitation chimique'),
(3, 'Habilitation biologique'),
(4, 'Habilitation des radiations');

INSERT INTO PERSONNEL (idPersonnel, nom, prenom, mdp, role) VALUES
(1, 'Dupont', 'Jean', 'pass123', 'chercheur'),
(2, 'Camera', 'Nicolas', 'jeCherche2', 'chercheur'),
(3, 'Jenay', 'Maria', 'richy321', 'chercheur'),
(4, 'Charier', 'Tristan', 'mdp234', 'chercheur'),
(5, 'Chevalier', 'Evelyne', 'tesM0tsDP', 'chercheur'),
(6, 'Vlad', 'Hugo', 'piLeOuF@ce', 'chercheur'),
(7, 'Sebastiane', 'Alexandrina', 'Recherche1', 'chercheur'),
(8, 'Martin', 'Sophie', 'motdepasse', 'technicien'),
(9, 'Kid', 'Billy', 'PowerR4d', 'technicien'),
(10, 'Ivanov', 'Anton', 't0urNeV1s', 'technicien'),
(11, 'Howard', 'Grace', '@ime99r0bo', 'technicien'),
(12, 'Belobog', 'Koleda', '10coups', 'technicien'),
(13, 'Bigger', 'Ben', 'Inn0ver24', 'technicien'),
(14, 'Wheel', 'Piper', 'm@rtelé456', 'technicien'),
(15, 'Durand', 'Alice', 'alice2024', 'administratif'),
(16,'Chaufour', 'Quentin', 'MM@34', 'administratif'),
(17,'Demara', 'Nicole', 'payTéZ1PO', 'administratif'),
(18, 'Wickes', 'Corin', 'monCl@vier', 'administratif'),
(19, 'Demara', 'Anby', 'BouloD0D0', 'administratif'),
(20, 'Moins', 'Bastien', 'flemme87', 'administratif'),
(21, 'Doe', 'Jane', 'Mystere157', 'administratif'),
(22, 'Bernard', 'Paul', 'paul789', 'direction'),
(23, 'Thymefield', 'Alice', 'symmetrie4', 'direction');

INSERT INTO POSSEDER_HABILITATION (idPersonnel, idHabilitation) VALUES
(1, 1),
(1, 2),
(2, 2),
(2, 3),
(3, 1),
(3, 3),
(4, 2),
(4, 4),
(5, 1),
(5, 4),
(6, 3),
(7, 1),
(7, 2),
(8, 1),
(9, 2),
(10, 3),
(11, 1),
(12, 2),
(13, 4),
(14, 3);

INSERT INTO EQUIPEMENT (idEquipement, nomEquipement) VALUES
(1, 'Pelle'),
(2, 'Microscope'),
(3, 'Centrifugeuse'),
(4, 'Spectromètre'),
(5, 'Marteau'),
(6, 'Pioche'),
(7, 'Marteau'),
(8, 'Brouette'),
(9, 'Diable'),
(10, 'Chariot'),
(11, 'Roulettes de transport'),
(12, 'Barre à mine'),
(13, 'Levier'),
(14, 'Chèvre'),
(15, 'Palan'),
(16, 'Mètre ruban'),
(17, 'Règle graduée'),
(18, 'Télémètre laser'),
(19, 'Jauges d’épaisseur'),
(20, 'Palmer'),
(21, 'Théodolite'),
(22, 'Niveau optique'),
(23, 'Mire'),
(24, 'Niveau à laser'),
(25, 'Altimètre'),
(26, 'Séquenceur ADN');

INSERT INTO PLATEFORME (nomPlateforme, nbPersonnesRequises, coutJournalier, intervalleMaintenance) VALUES
('BioTech', 3, 500.00, 30),
('Génomique', 4, 650.00, 45),
('Einstein', 3, 375.00, 70),
('Physique', 2, 400.00, 60),
('Newton', 5, 760.00, 50),
('Aristote', 2, 510.00, 35),
('Léonard de Vinci', 3, 425.00, 40),
('Marie Curie', 4, 800.00, 90),
('Louis Pasteur', 3, 475.00, 42),
('Oppenheimer', 2, 420.00, 37);

INSERT INTO INCLURE_EQUIPEMENT (nomPlateforme, idEquipement) VALUES
('BioTech', 25),
('BioTech', 26),
('Génomique', 2),
('Einstein', 16),
('Einstein', 17),
('Einstein', 18),
('Physique', 10),
('Newton', 1),
('Newton', 5),
('Newton', 6),
('Newton', 8),
('Newton', 9),
('Aristote', 20),
('Aristote', 21),
('Léonard de Vinci', 13),
('Léonard de Vinci', 14),
('Léonard de Vinci', 15),
('Marie Curie', 19),
('Marie Curie', 22),
('Marie Curie', 23),
('Marie Curie', 24),
('Louis Pasteur', 3),
('Louis Pasteur', 4),
('Oppenheimer', 12),
('Oppenheimer', 7);

INSERT INTO NECESSITER_HABILITATION (idEquipement, idHabilitation) VALUES
(2, 1),
(3, 2),
(4, 4),
(26, 3),
(19, 1),
(7, 1),
(12, 1),
(20, 2),
(21, 3),
(22, 1),
(23, 1),
(24, 1),
(25, 1);

INSERT INTO MAINTENANCE (nomPlateforme, dateMaintenance, maintenanceTermine) VALUES
('BioTech', '2025-01-15', true),
('BioTech', '2025-02-14', true),
('BioTech', '2025-03-16', false),
('Génomique', '2025-01-20', true),
('Génomique', '2025-03-06', false),
('Einstein', '2025-02-01', true),
('Physique', '2025-01-10', true),
('Physique', '2025-03-11', false),
('Newton', '2025-02-15', true),
('Aristote', '2025-01-25', true),
('Aristote', '2025-03-01', false),
('Léonard de Vinci', '2025-02-10', true),
('Marie Curie', '2025-01-05', true),
('Louis Pasteur', '2025-02-20', true),
('Oppenheimer', '2025-03-05', false);

INSERT INTO CAMPAGNE (idCampagne, nomPlateforme, dateDebut, duree, lieu) VALUES 
(1, 'BioTech', '2025-01-20', 5, 'Site de fouilles Alpha'),
(2, 'Génomique', '2025-02-01', 7, 'Laboratoire central'),
(3, 'Newton', '2025-02-15', 10, 'Site de fouilles Beta'),
(4, 'Physique', '2025-03-01', 3, 'Station de recherche Gamma'),
(5, 'Einstein', '2025-03-10', 8, 'Observatoire Delta'),
(6, 'Marie Curie', '2025-04-01', 12, 'Site de fouilles Epsilon'),
(7, 'Louis Pasteur', '2025-04-15', 6, 'Laboratoire de terrain'),
(8, 'Aristote', '2025-05-01', 4, 'Zone d excavation Zeta'),
(9, 'Léonard de Vinci', '2025-05-20', 9, 'Site archéologique Eta'),
(10, 'Oppenheimer', '2025-06-01', 5, 'Station mobile Theta');

INSERT INTO PARTICIPER_CAMPAGNE (idPersonnel, idCampagne) VALUES
(1, 1),
(2, 1), 
(8, 1), 
(2, 2), 
(3, 2), 
(6, 2), 
(10, 2),
(1, 3),
(7, 3),
(8, 3),
(4, 4),
(13, 4),
(4, 5),
(5, 5),
(9, 5),
(12, 5),
(1, 5),
(9, 6),
(12, 6),
(1, 7),
(2, 7),
(7, 7),
(1, 8),
(8, 8),
(11, 8),
(1, 9),
(3, 9),
(7, 9),
(11, 9),
(1, 10),
(8, 10);

INSERT INTO ESPECE (idEspece, nomEspece, nomScientifique, genome) VALUES
(1, 'Tyrannosaurus', 'Tyrannosaurus rex', 'AGCTTAGG...'),
(2, 'Triceratops', 'Triceratops horridus', 'CGTACCGA...'),
(3, 'Brachiosaurus','Brachiosaurus altithorax', ''),
(4, 'Carnotaurus', 'Carnotaurus sastrei', ''),
(5, 'Diplodocus', 'Diplodocus carnegii', ''),
(6, 'Therizinosaurus', 'Therizinosaurus cheloniformis', ''),
(7, 'Archæoptéryx','Archaeopteryx siemensii', ''),
(8, 'Deinocheirus', 'Deinocheirus mirificus', ''),
(9, 'Titanosaures', 'Argentinosaurus huinculensis', ''),
(10, 'Velociraptor', 'Velociraptor mongoliensis', 'TTAGGCAT...');

INSERT INTO ECHANTILLON (idEchantillon, idCampagne, fichierSequenceADN, idEspece, commentaire) VALUES
(1, 1, 'sequence1.fasta', 1, 'Échantillon de qualité excellente'),
(2, 1, 'sequence2.fasta', NULL, 'Échantillon non identifié, analyse en cours'),
(3, 2, 'sequence3.fasta', 2, 'Fragment de crâne bien conservé'),
(4, 3, 'sequence4.fasta', 3, 'Vertèbre lombaire complète'),
(5, 1, 'sequence5.fasta', 10, 'Griffe de patte arrière'),
(6, 2, 'sequence6.fasta', NULL, 'Échantillon dégradé'),
(7, 4, 'sequence7.fasta', 4, 'Dent fossilisée'),
(8, 5, 'sequence8.fasta', 7, 'Plume fossilisée rare'),
(9, 6, 'sequence9.fasta', 9, 'Fragment de fémur géant'),
(10, 3, 'sequence10.fasta', 5, 'Section de queue articulée'),
(11, 7, 'sequence11.fasta', 6, 'Griffe massive de thérizinosaure'),
(12, 8, 'sequence12.fasta', NULL, 'Échantillon mystérieux'),
(13, 9, 'sequence13.fasta', 8, 'Bras complet de deinocheirus'),
(14, 10, 'sequence14.fasta', 1, 'Mâchoire de tyrannosaure'),
(15, 4, 'sequence15.fasta', 2, 'Corne frontale de tricératops');